 ,step,type,amount,oldbalanceOrg,newbalanceOrig,Unnamed: 7,oldbalanceDest,newbalanceDest,isFraud
0,1,1,0.9621335793860988,1.940776222026785,1.9632471586954658,0,-0.5,0.0,0
1,1,1,-0.5704806297857838,-0.3994098660074851,-0.37361237594367425,1,-0.5,0.0,0
2,1,2,-0.9155902761459387,-0.7305538913603098,-0.6950859444743509,2,-0.5,0.0,1
3,1,0,-0.9155902761459387,-0.7305538913603098,-0.6950859444743509,3,2.0,0.0,1
4,1,1,1.4395276026915622,-0.0802585732986801,-0.19946289380308985,4,-0.5,0.0,0
